serial_number,count
ABCD7495EFGH,4
ABCD3783EFGH,4
ABCD8729EFGH,3
ABCD6650EFGH,3
ABCD6216EFGH,3
ABCD4071EFGH,3
ABCD2502EFGH,3
ABCD7371EFGH,3
ABCD8348EFGH,3
ABCD6504EFGH,3
ABCD3598EFGH,3
ABCD5934EFGH,3
ABCD7637EFGH,3
ABCD9776EFGH,3
ABCD3620EFGH,3
ABCD7082EFGH,3
ABCD2250EFGH,3
ABCD5897EFGH,3
ABCD1511EFGH,3
ABCD9850EFGH,3
ABCD4409EFGH,3
ABCD5151EFGH,3
ABCD2669EFGH,3
ABCD8684EFGH,3
ABCD6021EFGH,3
ABCD7727EFGH,3
ABCD3149EFGH,3
ABCD2363EFGH,3
ABCD3420EFGH,3
ABCD8334EFGH,3
ABCD7977EFGH,3
ABCD6730EFGH,3
ABCD8219EFGH,3
ABCD1847EFGH,2
ABCD5854EFGH,2
ABCD2955EFGH,2
ABCD5621EFGH,2
ABCD6051EFGH,2
ABCD1952EFGH,2
ABCD6366EFGH,2
ABCD3632EFGH,2
ABCD7075EFGH,2
ABCD8038EFGH,2
ABCD9048EFGH,2
ABCD6361EFGH,2
ABCD1574EFGH,2
ABCD7142EFGH,2
ABCD3058EFGH,2
ABCD9886EFGH,2
ABCD8869EFGH,2
ABCD4464EFGH,2
ABCD2991EFGH,2
ABCD3546EFGH,2
ABCD8597EFGH,2
ABCD8543EFGH,2
ABCD3430EFGH,2
ABCD3514EFGH,2
ABCD5887EFGH,2
ABCD7287EFGH,2
ABCD5546EFGH,2
ABCD9404EFGH,2
ABCD6031EFGH,2
ABCD7817EFGH,2
ABCD4982EFGH,2
ABCD8624EFGH,2
ABCD1992EFGH,2
ABCD7500EFGH,2
ABCD7351EFGH,2
ABCD1625EFGH,2
ABCD1755EFGH,2
ABCD8876EFGH,2
ABCD3315EFGH,2
ABCD4304EFGH,2
ABCD7737EFGH,2
ABCD4965EFGH,2
ABCD4830EFGH,2
ABCD7665EFGH,2
ABCD6838EFGH,2
ABCD9008EFGH,2
ABCD1553EFGH,2
ABCD7857EFGH,2
ABCD4917EFGH,2
ABCD7780EFGH,2
ABCD9544EFGH,2
ABCD9167EFGH,2
ABCD8259EFGH,2
ABCD9474EFGH,2
ABCD9982EFGH,2
ABCD5222EFGH,2
ABCD1752EFGH,2
ABCD8300EFGH,2
ABCD1280EFGH,2
ABCD9762EFGH,2
ABCD4149EFGH,2
ABCD1386EFGH,2
ABCD3333EFGH,2
ABCD1403EFGH,2
ABCD7761EFGH,2
ABCD8514EFGH,2
ABCD9889EFGH,2
ABCD9322EFGH,2
ABCD5307EFGH,2
ABCD5276EFGH,2
ABCD3096EFGH,2
ABCD2316EFGH,2
ABCD2234EFGH,2
ABCD1082EFGH,2
ABCD2942EFGH,2
ABCD2565EFGH,2
ABCD4827EFGH,2
ABCD7671EFGH,2
ABCD7534EFGH,2
ABCD9572EFGH,2
ABCD5263EFGH,2
ABCD1097EFGH,2
ABCD2635EFGH,2
ABCD9713EFGH,2
ABCD9737EFGH,2
ABCD2485EFGH,2
ABCD5372EFGH,2
ABCD1095EFGH,2
ABCD2100EFGH,2
ABCD9943EFGH,2
ABCD1622EFGH,2
ABCD8042EFGH,2
ABCD3748EFGH,2
ABCD3311EFGH,2
ABCD9875EFGH,2
ABCD4166EFGH,2
ABCD3732EFGH,2
ABCD5129EFGH,2
ABCD7542EFGH,2
ABCD6859EFGH,2
ABCD7112EFGH,2
ABCD1445EFGH,2
ABCD5013EFGH,2
ABCD7472EFGH,2
ABCD3340EFGH,2
ABCD3362EFGH,2
ABCD5320EFGH,2
ABCD9079EFGH,2
ABCD5208EFGH,2
ABCD5210EFGH,2
ABCD9917EFGH,2
ABCD5969EFGH,2
ABCD6820EFGH,2
ABCD1794EFGH,2
ABCD7986EFGH,2
ABCD2532EFGH,2
ABCD2094EFGH,2
ABCD1966EFGH,2
ABCD6998EFGH,2
ABCD2900EFGH,2
ABCD6163EFGH,2
ABCD7207EFGH,2
ABCD9797EFGH,2
ABCD9305EFGH,2
ABCD7556EFGH,2
ABCD3877EFGH,2
ABCD3977EFGH,2
ABCD8608EFGH,2
ABCD5335EFGH,2
ABCD5279EFGH,2
ABCD4560EFGH,2
ABCD7612EFGH,2
ABCD9946EFGH,2
ABCD8261EFGH,2
ABCD6160EFGH,2
ABCD9948EFGH,2
ABCD5351EFGH,2
ABCD4920EFGH,2
ABCD1717EFGH,2
ABCD7722EFGH,2
ABCD6424EFGH,2
ABCD7396EFGH,2
ABCD1096EFGH,2
ABCD5524EFGH,2
ABCD7723EFGH,2
ABCD5239EFGH,2
ABCD7897EFGH,2
ABCD4647EFGH,2
ABCD7576EFGH,2
ABCD6025EFGH,2
ABCD8248EFGH,2
ABCD4840EFGH,2
ABCD2005EFGH,2
ABCD8752EFGH,2
ABCD3842EFGH,2
ABCD4672EFGH,2
ABCD8908EFGH,2
ABCD2367EFGH,2
ABCD2702EFGH,2
ABCD6297EFGH,2
ABCD5915EFGH,2
ABCD4739EFGH,2
ABCD8952EFGH,2
ABCD4467EFGH,2
ABCD6074EFGH,2
ABCD2761EFGH,2
ABCD3263EFGH,2
ABCD7719EFGH,2
ABCD4424EFGH,2
ABCD7233EFGH,2
ABCD3740EFGH,2
ABCD7001EFGH,2
ABCD1680EFGH,2
ABCD4322EFGH,2
ABCD1205EFGH,2
ABCD1420EFGH,2
ABCD1255EFGH,2
ABCD4269EFGH,2
ABCD1988EFGH,2
ABCD3323EFGH,2
ABCD7272EFGH,2
ABCD1441EFGH,2
ABCD3883EFGH,2
ABCD3166EFGH,2
ABCD5020EFGH,2
ABCD3339EFGH,2
ABCD6992EFGH,2
ABCD6469EFGH,2
ABCD4985EFGH,2
ABCD7370EFGH,2
ABCD6311EFGH,2
ABCD2798EFGH,2
ABCD5047EFGH,2
ABCD4858EFGH,2
ABCD9124EFGH,2
ABCD7406EFGH,2
ABCD1258EFGH,2
ABCD2359EFGH,2
ABCD4044EFGH,2
ABCD1223EFGH,2
ABCD5877EFGH,2
ABCD6487EFGH,2
ABCD6015EFGH,2
ABCD1218EFGH,2
ABCD4691EFGH,2
ABCD5800EFGH,2
ABCD3540EFGH,2
ABCD9205EFGH,2
ABCD9629EFGH,2
ABCD4887EFGH,2
ABCD6343EFGH,2
ABCD2002EFGH,2
ABCD5371EFGH,2
ABCD2685EFGH,2
ABCD7806EFGH,2
ABCD6349EFGH,2
ABCD4171EFGH,2
ABCD6800EFGH,2
ABCD3752EFGH,2
ABCD9631EFGH,2
ABCD1053EFGH,2
ABCD3730EFGH,2
ABCD8727EFGH,2
ABCD6633EFGH,2
ABCD6429EFGH,2
ABCD7744EFGH,2
ABCD5159EFGH,2
ABCD9972EFGH,2
ABCD6281EFGH,2
ABCD9173EFGH,2
ABCD9223EFGH,2
ABCD3936EFGH,2
ABCD4932EFGH,2
ABCD9202EFGH,2
ABCD6719EFGH,2
ABCD2681EFGH,2
ABCD4156EFGH,2
ABCD1866EFGH,2
ABCD5536EFGH,2
ABCD9851EFGH,2
ABCD7898EFGH,2
ABCD7958EFGH,2
ABCD8777EFGH,2
ABCD4548EFGH,2
ABCD4604EFGH,2
ABCD6268EFGH,2
ABCD9108EFGH,2
ABCD5342EFGH,2
ABCD3891EFGH,2
ABCD7767EFGH,2
ABCD3355EFGH,2
ABCD2081EFGH,2
ABCD8739EFGH,2
ABCD8191EFGH,2
ABCD5077EFGH,2
ABCD5373EFGH,2
ABCD8282EFGH,2
ABCD7185EFGH,2
ABCD5272EFGH,2
ABCD3159EFGH,2
ABCD3261EFGH,2
ABCD3060EFGH,2
ABCD2021EFGH,2
ABCD2007EFGH,2
ABCD7721EFGH,2
ABCD3226EFGH,2
ABCD9292EFGH,2
ABCD2478EFGH,2
ABCD3733EFGH,2
ABCD8615EFGH,2
ABCD1836EFGH,2
ABCD1136EFGH,2
ABCD4559EFGH,2
ABCD3102EFGH,2
ABCD8052EFGH,2
ABCD1818EFGH,2
ABCD7280EFGH,2
ABCD6476EFGH,2
ABCD9820EFGH,2
ABCD8275EFGH,2
ABCD5718EFGH,2
ABCD7407EFGH,2
ABCD7130EFGH,2
ABCD5418EFGH,2
ABCD8434EFGH,2
ABCD7194EFGH,2
ABCD7311EFGH,2
ABCD4916EFGH,2
ABCD9413EFGH,2
ABCD1760EFGH,2
ABCD7862EFGH,2
ABCD5618EFGH,2
ABCD3875EFGH,2
ABCD4610EFGH,2
ABCD8165EFGH,2
ABCD9568EFGH,2
ABCD5898EFGH,2
ABCD1463EFGH,2
ABCD7148EFGH,2
ABCD8290EFGH,2
ABCD9693EFGH,2
ABCD5909EFGH,2
ABCD3508EFGH,2
ABCD4206EFGH,1
ABCD2087EFGH,1
ABCD4930EFGH,1
ABCD6223EFGH,1
ABCD5804EFGH,1
ABCD4038EFGH,1
ABCD3772EFGH,1
ABCD4437EFGH,1
ABCD5796EFGH,1
ABCD7525EFGH,1
ABCD9744EFGH,1
ABCD7047EFGH,1
ABCD6250EFGH,1
ABCD6103EFGH,1
ABCD8230EFGH,1
ABCD7097EFGH,1
ABCD9130EFGH,1
ABCD7889EFGH,1
ABCD3264EFGH,1
ABCD3711EFGH,1
ABCD7229EFGH,1
ABCD4361EFGH,1
ABCD3485EFGH,1
ABCD5277EFGH,1
ABCD4303EFGH,1
ABCD9412EFGH,1
ABCD1930EFGH,1
ABCD7734EFGH,1
ABCD6521EFGH,1
ABCD7526EFGH,1
ABCD7118EFGH,1
ABCD3169EFGH,1
ABCD1156EFGH,1
ABCD9274EFGH,1
ABCD2527EFGH,1
ABCD8059EFGH,1
ABCD4319EFGH,1
ABCD9887EFGH,1
ABCD1778EFGH,1
ABCD3138EFGH,1
ABCD6624EFGH,1
ABCD6823EFGH,1
ABCD5722EFGH,1
ABCD9686EFGH,1
ABCD4193EFGH,1
ABCD5790EFGH,1
ABCD8830EFGH,1
ABCD5938EFGH,1
ABCD4342EFGH,1
ABCD1490EFGH,1
ABCD9641EFGH,1
ABCD3572EFGH,1
ABCD1162EFGH,1
ABCD5158EFGH,1
ABCD6652EFGH,1
ABCD7323EFGH,1
ABCD8178EFGH,1
ABCD7720EFGH,1
ABCD3520EFGH,1
ABCD9444EFGH,1
ABCD7247EFGH,1
ABCD8557EFGH,1
ABCD4285EFGH,1
ABCD5238EFGH,1
ABCD4666EFGH,1
ABCD8552EFGH,1
ABCD3480EFGH,1
ABCD8873EFGH,1
ABCD4043EFGH,1
ABCD5514EFGH,1
ABCD4636EFGH,1
ABCD4086EFGH,1
ABCD9964EFGH,1
ABCD4618EFGH,1
ABCD7685EFGH,1
ABCD8388EFGH,1
ABCD8135EFGH,1
ABCD6218EFGH,1
ABCD6914EFGH,1
ABCD8195EFGH,1
ABCD6883EFGH,1
ABCD9148EFGH,1
ABCD8983EFGH,1
ABCD8799EFGH,1
ABCD1201EFGH,1
ABCD6994EFGH,1
ABCD8999EFGH,1
ABCD5628EFGH,1
ABCD8237EFGH,1
ABCD4866EFGH,1
ABCD7592EFGH,1
ABCD3288EFGH,1
ABCD6445EFGH,1
ABCD5101EFGH,1
ABCD1305EFGH,1
ABCD6644EFGH,1
ABCD1805EFGH,1
ABCD2461EFGH,1
ABCD3234EFGH,1
ABCD5291EFGH,1
ABCD2346EFGH,1
ABCD6767EFGH,1
ABCD6632EFGH,1
ABCD7265EFGH,1
ABCD4008EFGH,1
ABCD8323EFGH,1
ABCD7911EFGH,1
ABCD9681EFGH,1
ABCD1566EFGH,1
ABCD6151EFGH,1
ABCD3088EFGH,1
ABCD5592EFGH,1
ABCD3741EFGH,1
ABCD2284EFGH,1
ABCD9905EFGH,1
ABCD2627EFGH,1
ABCD8551EFGH,1
ABCD3242EFGH,1
ABCD1859EFGH,1
ABCD6899EFGH,1
ABCD6945EFGH,1
ABCD8314EFGH,1
ABCD5456EFGH,1
ABCD1193EFGH,1
ABCD1662EFGH,1
ABCD9311EFGH,1
ABCD1508EFGH,1
ABCD2772EFGH,1
ABCD1573EFGH,1
ABCD2737EFGH,1
ABCD6630EFGH,1
ABCD5654EFGH,1
ABCD7285EFGH,1
ABCD1450EFGH,1
ABCD6802EFGH,1
ABCD5163EFGH,1
ABCD3567EFGH,1
ABCD7177EFGH,1
ABCD9880EFGH,1
ABCD5573EFGH,1
ABCD7757EFGH,1
ABCD1480EFGH,1
ABCD4522EFGH,1
ABCD8992EFGH,1
ABCD8067EFGH,1
ABCD6238EFGH,1
ABCD1986EFGH,1
ABCD4265EFGH,1
ABCD8398EFGH,1
ABCD5168EFGH,1
ABCD2511EFGH,1
ABCD4697EFGH,1
ABCD7422EFGH,1
ABCD4356EFGH,1
ABCD6969EFGH,1
ABCD5593EFGH,1
ABCD5752EFGH,1
ABCD5772EFGH,1
ABCD5435EFGH,1
ABCD1797EFGH,1
ABCD8470EFGH,1
ABCD9836EFGH,1
ABCD1297EFGH,1
ABCD9508EFGH,1
ABCD6574EFGH,1
ABCD9439EFGH,1
ABCD8185EFGH,1
ABCD1985EFGH,1
ABCD3235EFGH,1
ABCD5879EFGH,1
ABCD7558EFGH,1
ABCD3937EFGH,1
ABCD7509EFGH,1
ABCD3267EFGH,1
ABCD2064EFGH,1
ABCD3259EFGH,1
ABCD5258EFGH,1
ABCD6200EFGH,1
ABCD6544EFGH,1
ABCD6801EFGH,1
ABCD5883EFGH,1
ABCD6198EFGH,1
ABCD8023EFGH,1
ABCD7382EFGH,1
ABCD3398EFGH,1
ABCD5408EFGH,1
ABCD1294EFGH,1
ABCD3887EFGH,1
ABCD4796EFGH,1
ABCD4054EFGH,1
ABCD9089EFGH,1
ABCD9346EFGH,1
ABCD3369EFGH,1
ABCD8914EFGH,1
ABCD7578EFGH,1
ABCD1460EFGH,1
ABCD9469EFGH,1
ABCD8104EFGH,1
ABCD7338EFGH,1
ABCD6587EFGH,1
ABCD7979EFGH,1
ABCD9956EFGH,1
ABCD1556EFGH,1
ABCD2583EFGH,1
ABCD5906EFGH,1
ABCD1776EFGH,1
ABCD6176EFGH,1
ABCD5215EFGH,1
ABCD3290EFGH,1
ABCD8905EFGH,1
ABCD7239EFGH,1
ABCD1453EFGH,1
ABCD6280EFGH,1
ABCD6698EFGH,1
ABCD1276EFGH,1
ABCD2836EFGH,1
ABCD3335EFGH,1
ABCD3758EFGH,1
ABCD7344EFGH,1
ABCD6884EFGH,1
ABCD2075EFGH,1
ABCD9436EFGH,1
ABCD5254EFGH,1
ABCD6595EFGH,1
ABCD3392EFGH,1
ABCD8442EFGH,1
ABCD6337EFGH,1
ABCD8019EFGH,1
ABCD8667EFGH,1
ABCD6807EFGH,1
ABCD6667EFGH,1
ABCD8816EFGH,1
ABCD5713EFGH,1
ABCD5734EFGH,1
ABCD4034EFGH,1
ABCD9145EFGH,1
ABCD5692EFGH,1
ABCD1419EFGH,1
ABCD9793EFGH,1
ABCD9263EFGH,1
ABCD3039EFGH,1
ABCD7221EFGH,1
ABCD2805EFGH,1
ABCD6453EFGH,1
ABCD3484EFGH,1
ABCD8681EFGH,1
ABCD5067EFGH,1
ABCD9651EFGH,1
ABCD1071EFGH,1
ABCD2253EFGH,1
ABCD5414EFGH,1
ABCD2978EFGH,1
ABCD5521EFGH,1
ABCD8479EFGH,1
ABCD7677EFGH,1
ABCD7602EFGH,1
ABCD7021EFGH,1
ABCD2754EFGH,1
ABCD9478EFGH,1
ABCD4727EFGH,1
ABCD8121EFGH,1
ABCD2803EFGH,1
ABCD1427EFGH,1
ABCD8868EFGH,1
ABCD9827EFGH,1
ABCD1056EFGH,1
ABCD5691EFGH,1
ABCD1052EFGH,1
ABCD8612EFGH,1
ABCD3415EFGH,1
ABCD1623EFGH,1
ABCD6825EFGH,1
ABCD9168EFGH,1
ABCD9259EFGH,1
ABCD3684EFGH,1
ABCD4297EFGH,1
ABCD5505EFGH,1
ABCD5885EFGH,1
ABCD2979EFGH,1
ABCD6515EFGH,1
ABCD1676EFGH,1
ABCD5814EFGH,1
ABCD7252EFGH,1
ABCD2422EFGH,1
ABCD2186EFGH,1
ABCD6064EFGH,1
ABCD3671EFGH,1
ABCD1939EFGH,1
ABCD8078EFGH,1
ABCD7488EFGH,1
ABCD8229EFGH,1
ABCD8084EFGH,1
ABCD9147EFGH,1
ABCD4638EFGH,1
ABCD2762EFGH,1
ABCD2097EFGH,1
ABCD3863EFGH,1
ABCD5941EFGH,1
ABCD3545EFGH,1
ABCD5426EFGH,1
ABCD3432EFGH,1
ABCD9543EFGH,1
ABCD3365EFGH,1
ABCD1826EFGH,1
ABCD1318EFGH,1
ABCD2637EFGH,1
ABCD1410EFGH,1
ABCD2091EFGH,1
ABCD8713EFGH,1
ABCD2277EFGH,1
ABCD7867EFGH,1
ABCD8432EFGH,1
ABCD3853EFGH,1
ABCD6091EFGH,1
ABCD9038EFGH,1
ABCD1080EFGH,1
ABCD8756EFGH,1
ABCD8975EFGH,1
ABCD5462EFGH,1
ABCD4983EFGH,1
ABCD2275EFGH,1
ABCD1634EFGH,1
ABCD7691EFGH,1
ABCD4002EFGH,1
ABCD3918EFGH,1
ABCD2528EFGH,1
ABCD6956EFGH,1
ABCD4957EFGH,1
ABCD6567EFGH,1
ABCD6662EFGH,1
ABCD3901EFGH,1
ABCD2124EFGH,1
ABCD5697EFGH,1
ABCD6348EFGH,1
ABCD6829EFGH,1
ABCD6954EFGH,1
ABCD1354EFGH,1
ABCD9808EFGH,1
ABCD5406EFGH,1
ABCD3907EFGH,1
ABCD4107EFGH,1
ABCD3474EFGH,1
ABCD9161EFGH,1
ABCD7294EFGH,1
ABCD8043EFGH,1
ABCD9789EFGH,1
ABCD2054EFGH,1
ABCD2618EFGH,1
ABCD9421EFGH,1
ABCD4891EFGH,1
ABCD6946EFGH,1
ABCD6653EFGH,1
ABCD1783EFGH,1
ABCD8000EFGH,1
ABCD8240EFGH,1
ABCD1196EFGH,1
ABCD6826EFGH,1
ABCD6745EFGH,1
ABCD3351EFGH,1
ABCD6710EFGH,1
ABCD1743EFGH,1
ABCD3705EFGH,1
ABCD1121EFGH,1
ABCD7099EFGH,1
ABCD5529EFGH,1
ABCD7790EFGH,1
ABCD1469EFGH,1
ABCD6844EFGH,1
ABCD6494EFGH,1
ABCD7616EFGH,1
ABCD5460EFGH,1
ABCD2204EFGH,1
ABCD1975EFGH,1
ABCD3982EFGH,1
ABCD6305EFGH,1
ABCD6572EFGH,1
ABCD2601EFGH,1
ABCD2450EFGH,1
ABCD3915EFGH,1
ABCD5323EFGH,1
ABCD5108EFGH,1
ABCD4889EFGH,1
ABCD2746EFGH,1
ABCD3591EFGH,1
ABCD4679EFGH,1
ABCD9153EFGH,1
ABCD7899EFGH,1
ABCD3668EFGH,1
ABCD9166EFGH,1
ABCD5987EFGH,1
ABCD2982EFGH,1
ABCD4065EFGH,1
ABCD6697EFGH,1
ABCD8745EFGH,1
ABCD5858EFGH,1
ABCD2131EFGH,1
ABCD5492EFGH,1
ABCD6669EFGH,1
ABCD6406EFGH,1
ABCD6900EFGH,1
ABCD1704EFGH,1
ABCD4846EFGH,1
ABCD4007EFGH,1
ABCD9012EFGH,1
ABCD5677EFGH,1
ABCD4053EFGH,1
ABCD2503EFGH,1
ABCD6940EFGH,1
ABCD4601EFGH,1
ABCD1745EFGH,1
ABCD6087EFGH,1
ABCD6458EFGH,1
ABCD3504EFGH,1
ABCD6638EFGH,1
ABCD4471EFGH,1
ABCD8093EFGH,1
ABCD5096EFGH,1
ABCD4745EFGH,1
ABCD3774EFGH,1
ABCD8806EFGH,1
ABCD7536EFGH,1
ABCD1770EFGH,1
ABCD5121EFGH,1
ABCD7571EFGH,1
ABCD9925EFGH,1
ABCD4452EFGH,1
ABCD3187EFGH,1
ABCD6235EFGH,1
ABCD1309EFGH,1
ABCD2369EFGH,1
ABCD7409EFGH,1
ABCD5216EFGH,1
ABCD3376EFGH,1
ABCD3178EFGH,1
ABCD6756EFGH,1
ABCD3997EFGH,1
ABCD1265EFGH,1
ABCD7827EFGH,1
ABCD5390EFGH,1
ABCD7588EFGH,1
ABCD8527EFGH,1
ABCD9394EFGH,1
ABCD8225EFGH,1
ABCD3845EFGH,1
ABCD5581EFGH,1
ABCD5737EFGH,1
ABCD2807EFGH,1
ABCD2567EFGH,1
ABCD1754EFGH,1
ABCD4771EFGH,1
ABCD8402EFGH,1
ABCD2489EFGH,1
ABCD9630EFGH,1
ABCD1554EFGH,1
ABCD5646EFGH,1
ABCD6050EFGH,1
ABCD9940EFGH,1
ABCD4987EFGH,1
ABCD7655EFGH,1
ABCD4364EFGH,1
ABCD8094EFGH,1
ABCD8588EFGH,1
ABCD2125EFGH,1
ABCD3147EFGH,1
ABCD6951EFGH,1
ABCD2343EFGH,1
ABCD3645EFGH,1
ABCD7941EFGH,1
ABCD4664EFGH,1
ABCD9578EFGH,1
ABCD9018EFGH,1
ABCD7705EFGH,1
ABCD9152EFGH,1
ABCD9792EFGH,1
ABCD9377EFGH,1
ABCD3069EFGH,1
ABCD2150EFGH,1
ABCD2943EFGH,1
ABCD7659EFGH,1
ABCD2810EFGH,1
ABCD3283EFGH,1
ABCD3854EFGH,1
ABCD4377EFGH,1
ABCD5992EFGH,1
ABCD5353EFGH,1
ABCD2536EFGH,1
ABCD3657EFGH,1
ABCD5340EFGH,1
ABCD5454EFGH,1
ABCD2760EFGH,1
ABCD6672EFGH,1
ABCD5577EFGH,1
ABCD4419EFGH,1
ABCD3014EFGH,1
ABCD6317EFGH,1
ABCD8220EFGH,1
ABCD3380EFGH,1
ABCD2443EFGH,1
ABCD7770EFGH,1
ABCD1674EFGH,1
ABCD3308EFGH,1
ABCD4190EFGH,1
ABCD6949EFGH,1
ABCD1787EFGH,1
ABCD9316EFGH,1
ABCD9198EFGH,1
ABCD4939EFGH,1
ABCD6086EFGH,1
ABCD5471EFGH,1
ABCD9871EFGH,1
ABCD2138EFGH,1
ABCD8650EFGH,1
ABCD3037EFGH,1
ABCD4109EFGH,1
ABCD7768EFGH,1
ABCD8860EFGH,1
ABCD8375EFGH,1
ABCD6555EFGH,1
ABCD6211EFGH,1
ABCD4910EFGH,1
ABCD2244EFGH,1
ABCD5281EFGH,1
ABCD9899EFGH,1
ABCD8032EFGH,1
ABCD1978EFGH,1
ABCD5939EFGH,1
ABCD9749EFGH,1
ABCD5093EFGH,1
ABCD8620EFGH,1
ABCD2061EFGH,1
ABCD9952EFGH,1
ABCD3979EFGH,1
ABCD7695EFGH,1
ABCD6909EFGH,1
ABCD7633EFGH,1
ABCD8737EFGH,1
ABCD8108EFGH,1
ABCD9355EFGH,1
ABCD2160EFGH,1
ABCD7072EFGH,1
ABCD2419EFGH,1
ABCD8485EFGH,1
ABCD2451EFGH,1
ABCD6434EFGH,1
ABCD2019EFGH,1
ABCD7819EFGH,1
ABCD5123EFGH,1
ABCD9323EFGH,1
ABCD3876EFGH,1
ABCD6496EFGH,1
ABCD3072EFGH,1
ABCD6489EFGH,1
ABCD3729EFGH,1
ABCD2587EFGH,1
ABCD7004EFGH,1
ABCD5539EFGH,1
ABCD5177EFGH,1
ABCD9044EFGH,1
ABCD4970EFGH,1
ABCD6993EFGH,1
ABCD2272EFGH,1
ABCD1239EFGH,1
ABCD7157EFGH,1
ABCD6182EFGH,1
ABCD3649EFGH,1
ABCD1149EFGH,1
ABCD4569EFGH,1
ABCD1604EFGH,1
ABCD2615EFGH,1
ABCD1747EFGH,1
ABCD6217EFGH,1
ABCD1213EFGH,1
ABCD8443EFGH,1
ABCD6735EFGH,1
ABCD7231EFGH,1
ABCD3679EFGH,1
ABCD4135EFGH,1
ABCD1416EFGH,1
ABCD2035EFGH,1
ABCD1142EFGH,1
ABCD4901EFGH,1
ABCD5770EFGH,1
ABCD4221EFGH,1
ABCD8444EFGH,1
ABCD7125EFGH,1
ABCD1335EFGH,1
ABCD1446EFGH,1
ABCD7374EFGH,1
ABCD4325EFGH,1
ABCD2806EFGH,1
ABCD3719EFGH,1
ABCD7114EFGH,1
ABCD5647EFGH,1
ABCD2719EFGH,1
ABCD4063EFGH,1
ABCD6059EFGH,1
ABCD7943EFGH,1
ABCD4933EFGH,1
ABCD2831EFGH,1
ABCD8853EFGH,1
ABCD6977EFGH,1
ABCD5173EFGH,1
ABCD8892EFGH,1
ABCD7874EFGH,1
ABCD7830EFGH,1
ABCD8359EFGH,1
ABCD5758EFGH,1
ABCD1177EFGH,1
ABCD3692EFGH,1
ABCD6481EFGH,1
ABCD4216EFGH,1
ABCD8929EFGH,1
ABCD4334EFGH,1
ABCD9970EFGH,1
ABCD1119EFGH,1
ABCD1917EFGH,1
ABCD6737EFGH,1
ABCD5073EFGH,1
ABCD2106EFGH,1
ABCD6067EFGH,1
ABCD4945EFGH,1
ABCD4296EFGH,1
ABCD9016EFGH,1
ABCD7678EFGH,1
ABCD1473EFGH,1
ABCD5485EFGH,1
ABCD6606EFGH,1
ABCD6996EFGH,1
ABCD7985EFGH,1
ABCD7574EFGH,1
ABCD4169EFGH,1
ABCD8924EFGH,1
ABCD8878EFGH,1
ABCD2266EFGH,1
ABCD8910EFGH,1
ABCD7544EFGH,1
ABCD4167EFGH,1
ABCD9672EFGH,1
ABCD2130EFGH,1
ABCD1500EFGH,1
ABCD6739EFGH,1
ABCD4529EFGH,1
ABCD8747EFGH,1
ABCD7713EFGH,1
ABCD2750EFGH,1
ABCD5819EFGH,1
ABCD9990EFGH,1
ABCD8960EFGH,1
ABCD1997EFGH,1
ABCD1466EFGH,1
ABCD3909EFGH,1
ABCD9081EFGH,1
ABCD6562EFGH,1
ABCD4468EFGH,1
ABCD1613EFGH,1
ABCD8675EFGH,1
ABCD5928EFGH,1
ABCD3073EFGH,1
ABCD2438EFGH,1
ABCD1920EFGH,1
ABCD1304EFGH,1
ABCD6049EFGH,1
ABCD1991EFGH,1
ABCD5085EFGH,1
ABCD9604EFGH,1
ABCD2914EFGH,1
ABCD6272EFGH,1
ABCD8513EFGH,1
ABCD3255EFGH,1
ABCD3428EFGH,1
ABCD3046EFGH,1
ABCD3511EFGH,1
ABCD6747EFGH,1
ABCD6375EFGH,1
ABCD5245EFGH,1
ABCD3047EFGH,1
ABCD7598EFGH,1
ABCD3212EFGH,1
ABCD1421EFGH,1
ABCD9077EFGH,1
ABCD8730EFGH,1
ABCD9154EFGH,1
ABCD6358EFGH,1
ABCD1943EFGH,1
ABCD5310EFGH,1
ABCD1947EFGH,1
ABCD6558EFGH,1
ABCD5070EFGH,1
ABCD2104EFGH,1
ABCD8894EFGH,1
ABCD1721EFGH,1
ABCD6468EFGH,1
ABCD9101EFGH,1
ABCD7304EFGH,1
ABCD7162EFGH,1
ABCD3553EFGH,1
ABCD6443EFGH,1
ABCD8082EFGH,1
ABCD2556EFGH,1
ABCD4803EFGH,1
ABCD7362EFGH,1
ABCD1563EFGH,1
ABCD3343EFGH,1
ABCD1184EFGH,1
ABCD7144EFGH,1
ABCD6154EFGH,1
ABCD7703EFGH,1
ABCD3104EFGH,1
ABCD9639EFGH,1
ABCD2360EFGH,1
ABCD5547EFGH,1
ABCD3482EFGH,1
ABCD2928EFGH,1
ABCD6636EFGH,1
ABCD7796EFGH,1
ABCD7074EFGH,1
ABCD9042EFGH,1
ABCD7629EFGH,1
ABCD7025EFGH,1
ABCD8749EFGH,1
ABCD9440EFGH,1
ABCD2498EFGH,1
ABCD9790EFGH,1
ABCD5392EFGH,1
ABCD5775EFGH,1
ABCD7595EFGH,1
ABCD7798EFGH,1
ABCD1915EFGH,1
ABCD9507EFGH,1
ABCD2578EFGH,1
ABCD4049EFGH,1
ABCD2009EFGH,1
ABCD4676EFGH,1
ABCD7511EFGH,1
ABCD1324EFGH,1
ABCD1858EFGH,1
ABCD3271EFGH,1
ABCD4581EFGH,1
ABCD4639EFGH,1
ABCD4501EFGH,1
ABCD6364EFGH,1
ABCD3189EFGH,1
ABCD4643EFGH,1
ABCD1259EFGH,1
ABCD3843EFGH,1
ABCD2414EFGH,1
ABCD2134EFGH,1
ABCD4249EFGH,1
ABCD3725EFGH,1
ABCD9251EFGH,1
ABCD6416EFGH,1
ABCD4150EFGH,1
ABCD7696EFGH,1
ABCD5354EFGH,1
ABCD2304EFGH,1
ABCD4506EFGH,1
ABCD7318EFGH,1
ABCD4320EFGH,1
ABCD1066EFGH,1
ABCD7373EFGH,1
ABCD3490EFGH,1
ABCD3342EFGH,1
ABCD2300EFGH,1
ABCD3059EFGH,1
ABCD6088EFGH,1
ABCD4223EFGH,1
ABCD8646EFGH,1
ABCD2519EFGH,1
ABCD7621EFGH,1
ABCD3381EFGH,1
ABCD7132EFGH,1
ABCD2585EFGH,1
ABCD1157EFGH,1
ABCD1337EFGH,1
ABCD4579EFGH,1
ABCD4782EFGH,1
ABCD2625EFGH,1
ABCD4906EFGH,1
ABCD4874EFGH,1
ABCD5398EFGH,1
ABCD2413EFGH,1
ABCD6190EFGH,1
ABCD4953EFGH,1
ABCD9823EFGH,1
ABCD7504EFGH,1
ABCD6784EFGH,1
ABCD7017EFGH,1
ABCD6490EFGH,1
ABCD1133EFGH,1
ABCD4407EFGH,1
ABCD8451EFGH,1
ABCD8099EFGH,1
ABCD9987EFGH,1
ABCD9242EFGH,1
ABCD4119EFGH,1
ABCD3908EFGH,1
ABCD5382EFGH,1
ABCD1268EFGH,1
ABCD6001EFGH,1
ABCD6788EFGH,1
ABCD5383EFGH,1
ABCD6258EFGH,1
ABCD7355EFGH,1
ABCD4035EFGH,1
ABCD2958EFGH,1
ABCD2088EFGH,1
ABCD3119EFGH,1
ABCD7420EFGH,1
ABCD9890EFGH,1
ABCD8357EFGH,1
ABCD5951EFGH,1
ABCD4324EFGH,1
ABCD5468EFGH,1
ABCD2206EFGH,1
ABCD3082EFGH,1
ABCD9589EFGH,1
ABCD6987EFGH,1
ABCD7533EFGH,1
ABCD4261EFGH,1
ABCD6426EFGH,1
ABCD2697EFGH,1
ABCD8110EFGH,1
ABCD4331EFGH,1
ABCD3499EFGH,1
ABCD1722EFGH,1
ABCD1435EFGH,1
ABCD5802EFGH,1
ABCD4454EFGH,1
ABCD7579EFGH,1
ABCD9985EFGH,1
ABCD5853EFGH,1
ABCD3008EFGH,1
ABCD1370EFGH,1
ABCD2195EFGH,1
ABCD4637EFGH,1
ABCD3800EFGH,1
ABCD5044EFGH,1
ABCD9953EFGH,1
ABCD8340EFGH,1
ABCD4634EFGH,1
ABCD9593EFGH,1
ABCD1999EFGH,1
ABCD5572EFGH,1
ABCD6239EFGH,1
ABCD5091EFGH,1
ABCD9725EFGH,1
ABCD7745EFGH,1
ABCD7634EFGH,1
ABCD7679EFGH,1
ABCD1357EFGH,1
ABCD9591EFGH,1
ABCD1499EFGH,1
ABCD2325EFGH,1
ABCD3265EFGH,1
ABCD5735EFGH,1
ABCD1806EFGH,1
ABCD1018EFGH,1
ABCD6787EFGH,1
ABCD1385EFGH,1
ABCD7292EFGH,1
ABCD4381EFGH,1
ABCD1735EFGH,1
ABCD9450EFGH,1
ABCD3193EFGH,1
ABCD1444EFGH,1
ABCD1462EFGH,1
ABCD6039EFGH,1
ABCD2759EFGH,1
ABCD7387EFGH,1
ABCD4185EFGH,1
ABCD6986EFGH,1
ABCD8456EFGH,1
ABCD3174EFGH,1
ABCD4726EFGH,1
ABCD1525EFGH,1
ABCD4423EFGH,1
ABCD3282EFGH,1
ABCD7106EFGH,1
ABCD1186EFGH,1
ABCD4717EFGH,1
ABCD5970EFGH,1
ABCD6377EFGH,1
ABCD2773EFGH,1
ABCD7538EFGH,1
ABCD6435EFGH,1
ABCD5315EFGH,1
ABCD9607EFGH,1
ABCD1683EFGH,1
ABCD4692EFGH,1
ABCD7773EFGH,1
ABCD9649EFGH,1
ABCD6691EFGH,1
ABCD7499EFGH,1
ABCD1418EFGH,1
ABCD2663EFGH,1
ABCD1031EFGH,1
ABCD4873EFGH,1
ABCD8193EFGH,1
ABCD5450EFGH,1
ABCD3841EFGH,1
ABCD2280EFGH,1
ABCD9395EFGH,1
ABCD6665EFGH,1
ABCD2469EFGH,1
ABCD8182EFGH,1
ABCD3944EFGH,1
ABCD2491EFGH,1
ABCD8372EFGH,1
ABCD3685EFGH,1
ABCD3289EFGH,1
ABCD8505EFGH,1
ABCD8466EFGH,1
ABCD3622EFGH,1
ABCD9715EFGH,1
ABCD9071EFGH,1
ABCD4570EFGH,1
ABCD4737EFGH,1
ABCD7955EFGH,1
ABCD3777EFGH,1
ABCD3325EFGH,1
ABCD5385EFGH,1
ABCD1694EFGH,1
ABCD6201EFGH,1
ABCD7464EFGH,1
ABCD8414EFGH,1
ABCD9118EFGH,1
ABCD9645EFGH,1
ABCD5166EFGH,1
ABCD7454EFGH,1
ABCD9497EFGH,1
ABCD3552EFGH,1
ABCD1331EFGH,1
ABCD9267EFGH,1
ABCD6981EFGH,1
ABCD9600EFGH,1
ABCD7794EFGH,1
ABCD4260EFGH,1
ABCD7682EFGH,1
ABCD1408EFGH,1
ABCD7445EFGH,1
ABCD5561EFGH,1
ABCD9806EFGH,1
ABCD8435EFGH,1
ABCD9425EFGH,1
ABCD1628EFGH,1
ABCD7709EFGH,1
ABCD4845EFGH,1
ABCD6024EFGH,1
ABCD5115EFGH,1
ABCD7279EFGH,1
ABCD2354EFGH,1
ABCD6206EFGH,1
ABCD5088EFGH,1
ABCD7804EFGH,1
ABCD2795EFGH,1
ABCD8562EFGH,1
ABCD6227EFGH,1
ABCD3955EFGH,1
ABCD1101EFGH,1
ABCD6126EFGH,1
ABCD8472EFGH,1
ABCD1550EFGH,1
ABCD8262EFGH,1
ABCD9372EFGH,1
ABCD6409EFGH,1
ABCD7246EFGH,1
ABCD4170EFGH,1
ABCD7882EFGH,1
ABCD2435EFGH,1
ABCD3666EFGH,1
ABCD3206EFGH,1
ABCD7063EFGH,1
ABCD9581EFGH,1
ABCD1317EFGH,1
ABCD7481EFGH,1
ABCD8021EFGH,1
ABCD6269EFGH,1
ABCD6848EFGH,1
ABCD9121EFGH,1
ABCD2122EFGH,1
ABCD6821EFGH,1
ABCD4371EFGH,1
ABCD4048EFGH,1
ABCD9176EFGH,1
ABCD4798EFGH,1
ABCD3563EFGH,1
ABCD2649EFGH,1
ABCD5839EFGH,1
ABCD5661EFGH,1
ABCD4491EFGH,1
ABCD5071EFGH,1
ABCD3402EFGH,1
ABCD7785EFGH,1
ABCD8156EFGH,1
ABCD2679EFGH,1
ABCD2765EFGH,1
ABCD7866EFGH,1
ABCD5490EFGH,1
ABCD2306EFGH,1
ABCD6947EFGH,1
ABCD5127EFGH,1
ABCD8959EFGH,1
ABCD9288EFGH,1
ABCD6108EFGH,1
ABCD5948EFGH,1
ABCD6903EFGH,1
ABCD8368EFGH,1
ABCD2336EFGH,1
ABCD7358EFGH,1
ABCD1118EFGH,1
ABCD6628EFGH,1
ABCD6164EFGH,1
ABCD2787EFGH,1
ABCD8884EFGH,1
ABCD9402EFGH,1
ABCD3358EFGH,1
ABCD9448EFGH,1
ABCD2891EFGH,1
ABCD9239EFGH,1
ABCD3699EFGH,1
ABCD3241EFGH,1
ABCD7037EFGH,1
ABCD3253EFGH,1
ABCD8548EFGH,1
ABCD2102EFGH,1
ABCD9232EFGH,1
ABCD2214EFGH,1
ABCD6898EFGH,1
ABCD3395EFGH,1
ABCD6792EFGH,1
ABCD7364EFGH,1
ABCD4903EFGH,1
ABCD2235EFGH,1
ABCD3117EFGH,1
ABCD7282EFGH,1
ABCD5299EFGH,1
ABCD9590EFGH,1
ABCD9051EFGH,1
ABCD1741EFGH,1
ABCD1908EFGH,1
ABCD2852EFGH,1
ABCD8874EFGH,1
ABCD7442EFGH,1
ABCD8812EFGH,1
ABCD9900EFGH,1
ABCD6641EFGH,1
ABCD3085EFGH,1
ABCD4217EFGH,1
ABCD8333EFGH,1
ABCD9542EFGH,1
ABCD1494EFGH,1
ABCD6608EFGH,1
ABCD9561EFGH,1
ABCD3735EFGH,1
ABCD2344EFGH,1
ABCD6670EFGH,1
ABCD4241EFGH,1
ABCD2705EFGH,1
ABCD9928EFGH,1
ABCD3158EFGH,1
ABCD9318EFGH,1
ABCD3161EFGH,1
ABCD1903EFGH,1
ABCD2086EFGH,1
ABCD1267EFGH,1
ABCD3961EFGH,1
ABCD4583EFGH,1
ABCD5421EFGH,1
ABCD1738EFGH,1
ABCD1942EFGH,1
ABCD5235EFGH,1
ABCD8886EFGH,1
ABCD8147EFGH,1
ABCD8207EFGH,1
ABCD7550EFGH,1
ABCD2722EFGH,1
ABCD3186EFGH,1
ABCD9373EFGH,1
ABCD9573EFGH,1
ABCD7524EFGH,1
ABCD1659EFGH,1
ABCD7863EFGH,1
ABCD7226EFGH,1
ABCD3550EFGH,1
ABCD1107EFGH,1
ABCD6738EFGH,1
ABCD3621EFGH,1
ABCD4485EFGH,1
ABCD6500EFGH,1
ABCD1300EFGH,1
ABCD8899EFGH,1
ABCD7215EFGH,1
ABCD3027EFGH,1
ABCD9848EFGH,1
ABCD5550EFGH,1
ABCD6063EFGH,1
ABCD6344EFGH,1
ABCD6813EFGH,1
ABCD9400EFGH,1
ABCD4084EFGH,1
ABCD6681EFGH,1
ABCD7842EFGH,1
ABCD9529EFGH,1
ABCD5483EFGH,1
ABCD8012EFGH,1
ABCD9656EFGH,1
ABCD2969EFGH,1
ABCD7434EFGH,1
ABCD5531EFGH,1
ABCD8656EFGH,1
ABCD2718EFGH,1
ABCD9426EFGH,1
ABCD6600EFGH,1
ABCD7948EFGH,1
ABCD2684EFGH,1
ABCD1795EFGH,1
ABCD2874EFGH,1
ABCD5504EFGH,1
ABCD4209EFGH,1
ABCD5379EFGH,1
ABCD7710EFGH,1
ABCD7881EFGH,1
ABCD4914EFGH,1
ABCD7452EFGH,1
ABCD6841EFGH,1
ABCD1356EFGH,1
ABCD1523EFGH,1
ABCD5094EFGH,1
ABCD1425EFGH,1
ABCD1580EFGH,1
ABCD1041EFGH,1
ABCD1759EFGH,1
ABCD7535EFGH,1
ABCD8096EFGH,1
ABCD2183EFGH,1
ABCD4508EFGH,1
ABCD6255EFGH,1
ABCD5831EFGH,1
ABCD3895EFGH,1
ABCD6894EFGH,1
ABCD2729EFGH,1
ABCD2621EFGH,1
ABCD8325EFGH,1
ABCD1931EFGH,1
ABCD7043EFGH,1
ABCD2246EFGH,1
ABCD2248EFGH,1
ABCD1025EFGH,1
ABCD2551EFGH,1
ABCD4060EFGH,1
ABCD5192EFGH,1
ABCD3677EFGH,1
ABCD7991EFGH,1
ABCD2796EFGH,1
ABCD5262EFGH,1
ABCD6022EFGH,1
ABCD2829EFGH,1
ABCD9802EFGH,1
ABCD7188EFGH,1
ABCD1895EFGH,1
ABCD6815EFGH,1
ABCD8824EFGH,1
ABCD7548EFGH,1
ABCD5826EFGH,1
ABCD2127EFGH,1
ABCD8743EFGH,1
ABCD1967EFGH,1
ABCD2070EFGH,1
ABCD1687EFGH,1
ABCD6092EFGH,1
ABCD2545EFGH,1
ABCD4037EFGH,1
ABCD2500EFGH,1
ABCD6009EFGH,1
ABCD7461EFGH,1
ABCD7005EFGH,1
ABCD9351EFGH,1
ABCD3716EFGH,1
ABCD7470EFGH,1
ABCD9538EFGH,1
ABCD4521EFGH,1
ABCD9204EFGH,1
ABCD8028EFGH,1
ABCD1602EFGH,1
ABCD6523EFGH,1
ABCD3856EFGH,1
ABCD4484EFGH,1
ABCD2747EFGH,1
ABCD9520EFGH,1
ABCD9062EFGH,1
ABCD9063EFGH,1
ABCD9927EFGH,1
ABCD9368EFGH,1
ABCD2373EFGH,1
ABCD9530EFGH,1
ABCD6736EFGH,1
ABCD7158EFGH,1
ABCD9357EFGH,1
ABCD5400EFGH,1
ABCD1313EFGH,1
ABCD4551EFGH,1
ABCD4059EFGH,1
ABCD3045EFGH,1
ABCD1974EFGH,1
ABCD1861EFGH,1
ABCD8452EFGH,1
ABCD8569EFGH,1
ABCD2418EFGH,1
ABCD3118EFGH,1
ABCD5275EFGH,1
ABCD9466EFGH,1
ABCD1706EFGH,1
ABCD5510EFGH,1
ABCD1658EFGH,1
ABCD2716EFGH,1
ABCD3317EFGH,1
ABCD1510EFGH,1
ABCD2142EFGH,1
ABCD4097EFGH,1
ABCD1438EFGH,1
ABCD5415EFGH,1
ABCD2989EFGH,1
ABCD2109EFGH,1
ABCD6510EFGH,1
ABCD3228EFGH,1
ABCD8763EFGH,1
ABCD4712EFGH,1
ABCD6791EFGH,1
ABCD3801EFGH,1
ABCD9876EFGH,1
ABCD9760EFGH,1
ABCD8993EFGH,1
ABCD7449EFGH,1
ABCD5018EFGH,1
ABCD8781EFGH,1
ABCD2060EFGH,1
ABCD9901EFGH,1
ABCD2170EFGH,1
ABCD1166EFGH,1
ABCD1287EFGH,1
ABCD2083EFGH,1
ABCD1932EFGH,1
ABCD3321EFGH,1
ABCD8264EFGH,1
ABCD3573EFGH,1
ABCD7032EFGH,1
ABCD4240EFGH,1
ABCD2699EFGH,1
ABCD4158EFGH,1
ABCD5668EFGH,1
ABCD3702EFGH,1
ABCD2724EFGH,1
ABCD8525EFGH,1
ABCD6395EFGH,1
ABCD2242EFGH,1
ABCD9254EFGH,1
ABCD7202EFGH,1
ABCD8664EFGH,1
ABCD2403EFGH,1
ABCD1340EFGH,1
ABCD3483EFGH,1
ABCD4815EFGH,1
ABCD3941EFGH,1
ABCD1681EFGH,1
ABCD7711EFGH,1
ABCD2172EFGH,1
ABCD3090EFGH,1
ABCD4489EFGH,1
ABCD8534EFGH,1
ABCD7098EFGH,1
ABCD7652EFGH,1
ABCD3782EFGH,1
ABCD1898EFGH,1
ABCD1796EFGH,1
ABCD6798EFGH,1
ABCD2069EFGH,1
ABCD1217EFGH,1
ABCD7135EFGH,1
ABCD3374EFGH,1
ABCD8081EFGH,1
ABCD5741EFGH,1
ABCD3153EFGH,1
ABCD5590EFGH,1
ABCD9074EFGH,1
ABCD7456EFGH,1
ABCD3819EFGH,1
ABCD9924EFGH,1
ABCD3155EFGH,1
ABCD5176EFGH,1
ABCD1875EFGH,1
ABCD5666EFGH,1
ABCD3623EFGH,1
ABCD8413EFGH,1
ABCD6035EFGH,1
ABCD8360EFGH,1
ABCD9533EFGH,1
ABCD7059EFGH,1
ABCD7469EFGH,1
ABCD1211EFGH,1
ABCD4220EFGH,1
ABCD8041EFGH,1
ABCD1596EFGH,1
ABCD8753EFGH,1
ABCD6279EFGH,1
ABCD3191EFGH,1
ABCD6259EFGH,1
ABCD5907EFGH,1
ABCD9838EFGH,1
ABCD8500EFGH,1
ABCD8510EFGH,1
ABCD8915EFGH,1
ABCD8166EFGH,1
ABCD6573EFGH,1
ABCD8437EFGH,1
ABCD6139EFGH,1
ABCD5396EFGH,1
ABCD4234EFGH,1
ABCD4744EFGH,1
ABCD5080EFGH,1
ABCD4843EFGH,1
ABCD1773EFGH,1
ABCD1767EFGH,1
ABCD2178EFGH,1
ABCD2261EFGH,1
ABCD6068EFGH,1
ABCD6532EFGH,1
ABCD6061EFGH,1
ABCD4670EFGH,1
ABCD3497EFGH,1
ABCD8794EFGH,1
ABCD5035EFGH,1
ABCD7590EFGH,1
ABCD9781EFGH,1
ABCD8170EFGH,1
ABCD4790EFGH,1
ABCD8688EFGH,1
ABCD7151EFGH,1
ABCD9233EFGH,1
ABCD2334EFGH,1
ABCD6525EFGH,1
ABCD6330EFGH,1
ABCD4341EFGH,1
ABCD6983EFGH,1
ABCD3429EFGH,1
ABCD5161EFGH,1
ABCD7521EFGH,1
ABCD2472EFGH,1
ABCD8703EFGH,1
ABCD2688EFGH,1
ABCD8916EFGH,1
ABCD5469EFGH,1
ABCD9482EFGH,1
ABCD3707EFGH,1
ABCD2953EFGH,1
ABCD4494EFGH,1
ABCD6554EFGH,1
ABCD1100EFGH,1
ABCD7096EFGH,1
ABCD8206EFGH,1
ABCD9934EFGH,1
ABCD1529EFGH,1
ABCD7639EFGH,1
ABCD1109EFGH,1
ABCD1459EFGH,1
ABCD6380EFGH,1
ABCD9751EFGH,1
ABCD7160EFGH,1
ABCD5445EFGH,1
ABCD5226EFGH,1
ABCD8295EFGH,1
ABCD2099EFGH,1
ABCD3459EFGH,1
ABCD8352EFGH,1
ABCD7019EFGH,1
ABCD4179EFGH,1
ABCD9857EFGH,1
ABCD2948EFGH,1
ABCD4667EFGH,1
ABCD8974EFGH,1
ABCD3433EFGH,1
ABCD4439EFGH,1
ABCD9741EFGH,1
ABCD5517EFGH,1
ABCD5117EFGH,1
ABCD9695EFGH,1
ABCD2675EFGH,1
ABCD1348EFGH,1
ABCD1285EFGH,1
ABCD5374EFGH,1
ABCD1307EFGH,1
ABCD5708EFGH,1
ABCD1737EFGH,1
ABCD5039EFGH,1
ABCD9770EFGH,1
ABCD2326EFGH,1
ABCD8773EFGH,1
ABCD6423EFGH,1
ABCD8171EFGH,1
ABCD6654EFGH,1
ABCD8649EFGH,1
ABCD2449EFGH,1
ABCD9996EFGH,1
ABCD5128EFGH,1
ABCD8901EFGH,1
ABCD1516EFGH,1
ABCD3928EFGH,1
ABCD5269EFGH,1
ABCD6244EFGH,1
ABCD6119EFGH,1
ABCD1648EFGH,1
ABCD2711EFGH,1
ABCD8144EFGH,1
ABCD8872EFGH,1
ABCD9178EFGH,1
ABCD1182EFGH,1
ABCD7390EFGH,1
ABCD5875EFGH,1
ABCD6870EFGH,1
ABCD4315EFGH,1
ABCD2432EFGH,1
ABCD7646EFGH,1
ABCD9579EFGH,1
ABCD2483EFGH,1
ABCD5059EFGH,1
ABCD9844EFGH,1
ABCD4412EFGH,1
ABCD4408EFGH,1
ABCD1008EFGH,1
ABCD9075EFGH,1
ABCD6540EFGH,1
ABCD7068EFGH,1
ABCD9294EFGH,1
ABCD4767EFGH,1
ABCD3165EFGH,1
ABCD6773EFGH,1
ABCD6186EFGH,1
ABCD1568EFGH,1
ABCD8107EFGH,1
ABCD9234EFGH,1
ABCD2610EFGH,1
ABCD8051EFGH,1
ABCD8069EFGH,1
ABCD1117EFGH,1
ABCD2882EFGH,1
ABCD2710EFGH,1
ABCD6150EFGH,1
ABCD9385EFGH,1
ABCD8478EFGH,1
ABCD3905EFGH,1
ABCD7748EFGH,1
ABCD4576EFGH,1
ABCD5072EFGH,1
ABCD7026EFGH,1
ABCD2157EFGH,1
ABCD5836EFGH,1
ABCD5855EFGH,1
ABCD3603EFGH,1
ABCD1762EFGH,1
ABCD5066EFGH,1
ABCD3091EFGH,1
ABCD8040EFGH,1
ABCD7610EFGH,1
ABCD2115EFGH,1
ABCD9870EFGH,1
ABCD8676EFGH,1
ABCD7763EFGH,1
ABCD8800EFGH,1
ABCD5731EFGH,1
ABCD5431EFGH,1
ABCD8968EFGH,1
ABCD3302EFGH,1
ABCD9675EFGH,1
ABCD9431EFGH,1
ABCD6596EFGH,1
ABCD4733EFGH,1
ABCD1922EFGH,1
ABCD6979EFGH,1
ABCD6130EFGH,1
ABCD9095EFGH,1
ABCD8143EFGH,1
ABCD7109EFGH,1
ABCD9003EFGH,1
ABCD5326EFGH,1
ABCD8350EFGH,1
ABCD4562EFGH,1
ABCD6590EFGH,1
ABCD4904EFGH,1
ABCD1414EFGH,1
ABCD6116EFGH,1
ABCD1819EFGH,1
ABCD7002EFGH,1
ABCD4306EFGH,1
ABCD2243EFGH,1
ABCD2211EFGH,1
ABCD1899EFGH,1
ABCD2267EFGH,1
ABCD2854EFGH,1
ABCD8692EFGH,1
ABCD4138EFGH,1
ABCD7864EFGH,1
ABCD4537EFGH,1
ABCD9382EFGH,1
ABCD3720EFGH,1
ABCD6381EFGH,1
ABCD6511EFGH,1
ABCD4974EFGH,1
ABCD6470EFGH,1
ABCD8268EFGH,1
ABCD8834EFGH,1
ABCD4871EFGH,1
ABCD8854EFGH,1
ABCD3566EFGH,1
ABCD4897EFGH,1
ABCD7421EFGH,1
ABCD4872EFGH,1
ABCD7681EFGH,1
ABCD1145EFGH,1
ABCD8589EFGH,1
ABCD5848EFGH,1
ABCD6098EFGH,1
ABCD5674EFGH,1
ABCD3250EFGH,1
ABCD2990EFGH,1
ABCD7641EFGH,1
ABCD8714EFGH,1
ABCD9484EFGH,1
ABCD1316EFGH,1
ABCD3373EFGH,1
ABCD4669EFGH,1
ABCD5448EFGH,1
ABCD8112EFGH,1
ABCD5725EFGH,1
ABCD4200EFGH,1
ABCD5889EFGH,1
ABCD3633EFGH,1
ABCD7837EFGH,1
ABCD9386EFGH,1
ABCD9171EFGH,1
ABCD8312EFGH,1
ABCD8701EFGH,1
ABCD5810EFGH,1
ABCD8880EFGH,1
ABCD7554EFGH,1
ABCD9159EFGH,1
ABCD9796EFGH,1
ABCD7736EFGH,1
ABCD5738EFGH,1
ABCD9841EFGH,1
ABCD8883EFGH,1
ABCD5565EFGH,1
ABCD2126EFGH,1
ABCD4130EFGH,1
ABCD4646EFGH,1
ABCD1560EFGH,1
ABCD2417EFGH,1
ABCD3754EFGH,1
ABCD5348EFGH,1
ABCD9993EFGH,1
ABCD1584EFGH,1
ABCD5357EFGH,1
ABCD3715EFGH,1
ABCD3776EFGH,1
ABCD8287EFGH,1
ABCD8024EFGH,1
ABCD6833EFGH,1
ABCD4694EFGH,1
ABCD3528EFGH,1
ABCD1195EFGH,1
ABCD5818EFGH,1
ABCD2611EFGH,1
ABCD7127EFGH,1
ABCD3344EFGH,1
ABCD2420EFGH,1
ABCD2017EFGH,1
ABCD7465EFGH,1
ABCD6408EFGH,1
ABCD2320EFGH,1
ABCD5849EFGH,1
ABCD2385EFGH,1
ABCD9655EFGH,1
ABCD4631EFGH,1
ABCD8640EFGH,1
ABCD3409EFGH,1
ABCD2846EFGH,1
ABCD2593EFGH,1
ABCD8520EFGH,1
ABCD5443EFGH,1
ABCD3570EFGH,1
ABCD1058EFGH,1
ABCD7353EFGH,1
ABCD7935EFGH,1
ABCD8015EFGH,1
ABCD3927EFGH,1
ABCD8566EFGH,1
ABCD9800EFGH,1
ABCD7688EFGH,1
ABCD5489EFGH,1
ABCD8822EFGH,1
ABCD7175EFGH,1
ABCD1601EFGH,1
ABCD4403EFGH,1
ABCD3501EFGH,1
ABCD4759EFGH,1
ABCD8677EFGH,1
ABCD4321EFGH,1
ABCD9134EFGH,1
ABCD6463EFGH,1
ABCD9192EFGH,1
ABCD7156EFGH,1
ABCD3990EFGH,1
ABCD7644EFGH,1
ABCD2708EFGH,1
ABCD2117EFGH,1
ABCD6378EFGH,1
ABCD7766EFGH,1
ABCD2050EFGH,1
ABCD1178EFGH,1
ABCD3898EFGH,1
ABCD9384EFGH,1
ABCD2828EFGH,1
ABCD6597EFGH,1
ABCD1877EFGH,1
ABCD9847EFGH,1
ABCD6036EFGH,1
ABCD6135EFGH,1
ABCD6362EFGH,1
ABCD3600EFGH,1
ABCD6062EFGH,1
ABCD6938EFGH,1
ABCD9687EFGH,1
ABCD9676EFGH,1
ABCD8568EFGH,1
ABCD5911EFGH,1
ABCD1821EFGH,1
ABCD6789EFGH,1
ABCD9916EFGH,1
ABCD7751EFGH,1
ABCD6079EFGH,1
ABCD9216EFGH,1
ABCD7208EFGH,1
ABCD9554EFGH,1
ABCD2851EFGH,1
ABCD5840EFGH,1
ABCD6233EFGH,1
ABCD1813EFGH,1
ABCD1346EFGH,1
ABCD5356EFGH,1
ABCD1127EFGH,1
ABCD8347EFGH,1
ABCD2121EFGH,1
ABCD3122EFGH,1
ABCD8748EFGH,1
ABCD8243EFGH,1
ABCD8642EFGH,1
ABCD4095EFGH,1
ABCD9098EFGH,1
ABCD3768EFGH,1
ABCD1114EFGH,1
ABCD4175EFGH,1
ABCD9991EFGH,1
ABCD2899EFGH,1
ABCD9914EFGH,1
ABCD8292EFGH,1
ABCD5496EFGH,1
ABCD8628EFGH,1
ABCD9142EFGH,1
ABCD8689EFGH,1
ABCD4360EFGH,1
ABCD6090EFGH,1
ABCD1358EFGH,1
ABCD1245EFGH,1
ABCD8209EFGH,1
ABCD1857EFGH,1
ABCD3970EFGH,1
ABCD1098EFGH,1
ABCD4228EFGH,1
ABCD8598EFGH,1
ABCD6310EFGH,1
ABCD1344EFGH,1
ABCD2411EFGH,1
ABCD2931EFGH,1
ABCD7502EFGH,1
ABCD9401EFGH,1
ABCD6480EFGH,1
ABCD2523EFGH,1
ABCD5246EFGH,1
ABCD9801EFGH,1
ABCD7431EFGH,1
ABCD2886EFGH,1
ABCD2098EFGH,1
ABCD9884EFGH,1
ABCD6285EFGH,1
ABCD9175EFGH,1
ABCD2790EFGH,1
ABCD7276EFGH,1
ABCD5578EFGH,1
ABCD2149EFGH,1
ABCD3081EFGH,1
ABCD3820EFGH,1
ABCD2247EFGH,1
ABCD3952EFGH,1
ABCD7741EFGH,1
ABCD7224EFGH,1
ABCD8250EFGH,1
ABCD6997EFGH,1
ABCD1720EFGH,1
ABCD1688EFGH,1
ABCD8203EFGH,1
ABCD6273EFGH,1
ABCD5556EFGH,1
ABCD9881EFGH,1
ABCD6711EFGH,1
ABCD1711EFGH,1
ABCD9557EFGH,1
ABCD4839EFGH,1
ABCD7343EFGH,1
ABCD4558EFGH,1
ABCD2921EFGH,1
ABCD6765EFGH,1
ABCD6648EFGH,1
ABCD8558EFGH,1
ABCD1960EFGH,1
ABCD2015EFGH,1
ABCD4019EFGH,1
ABCD7184EFGH,1
ABCD2857EFGH,1
ABCD9784EFGH,1
ABCD3399EFGH,1
ABCD9570EFGH,1
ABCD2207EFGH,1
ABCD2468EFGH,1
ABCD3465EFGH,1
ABCD9287EFGH,1
ABCD1987EFGH,1
ABCD8484EFGH,1
ABCD2812EFGH,1
ABCD2030EFGH,1
ABCD6195EFGH,1
ABCD1230EFGH,1
ABCD2268EFGH,1
ABCD3466EFGH,1
ABCD2641EFGH,1
ABCD8256EFGH,1
ABCD9688EFGH,1
ABCD5660EFGH,1
ABCD3727EFGH,1
ABCD1886EFGH,1
ABCD7517EFGH,1
ABCD7042EFGH,1
ABCD3030EFGH,1
ABCD6018EFGH,1
ABCD2619EFGH,1
ABCD3245EFGH,1
ABCD5538EFGH,1
ABCD8080EFGH,1
ABCD8545EFGH,1
ABCD7150EFGH,1
ABCD5714EFGH,1
ABCD7399EFGH,1
ABCD2181EFGH,1
ABCD1639EFGH,1
ABCD9207EFGH,1
ABCD1781EFGH,1
ABCD3418EFGH,1
ABCD3762EFGH,1
ABCD4225EFGH,1
ABCD9560EFGH,1
ABCD4650EFGH,1
ABCD8338EFGH,1
ABCD3516EFGH,1
ABCD7648EFGH,1
ABCD8477EFGH,1
ABCD2778EFGH,1
ABCD8397EFGH,1
ABCD6879EFGH,1
ABCD1788EFGH,1
ABCD9595EFGH,1
ABCD8283EFGH,1
ABCD3605EFGH,1
ABCD9642EFGH,1
ABCD3404EFGH,1
ABCD4398EFGH,1
ABCD7218EFGH,1
ABCD8172EFGH,1
ABCD9399EFGH,1
ABCD2034EFGH,1
ABCD7256EFGH,1
ABCD2152EFGH,1
ABCD3738EFGH,1
ABCD4804EFGH,1
ABCD7532EFGH,1
ABCD5828EFGH,1
ABCD6391EFGH,1
ABCD4015EFGH,1
ABCD3963EFGH,1
ABCD3750EFGH,1
ABCD1631EFGH,1
ABCD2999EFGH,1
ABCD6913EFGH,1
ABCD4392EFGH,1
ABCD7131EFGH,1
ABCD2809EFGH,1
ABCD5757EFGH,1
ABCD7873EFGH,1
ABCD7508EFGH,1
ABCD2992EFGH,1
ABCD8803EFGH,1
ABCD8124EFGH,1
ABCD6474EFGH,1
ABCD1036EFGH,1
ABCD1150EFGH,1
ABCD2698EFGH,1
ABCD6058EFGH,1
ABCD3173EFGH,1
ABCD2597EFGH,1
ABCD5924EFGH,1
ABCD8186EFGH,1
ABCD8253EFGH,1
ABCD6441EFGH,1
ABCD5308EFGH,1
ABCD5089EFGH,1
ABCD5520EFGH,1
ABCD4435EFGH,1
ABCD2666EFGH,1
ABCD1564EFGH,1
ABCD7617EFGH,1
ABCD9244EFGH,1
ABCD2410EFGH,1
ABCD8784EFGH,1
ABCD5852EFGH,1
ABCD7789EFGH,1
ABCD5171EFGH,1
ABCD2739EFGH,1
ABCD5134EFGH,1
ABCD4850EFGH,1
ABCD7514EFGH,1
ABCD7405EFGH,1
ABCD2780EFGH,1
ABCD4024EFGH,1
ABCD4229EFGH,1
ABCD4332EFGH,1
ABCD8026EFGH,1
ABCD6684EFGH,1
ABCD5679EFGH,1
ABCD9056EFGH,1
ABCD8228EFGH,1
ABCD5455EFGH,1
ABCD5344EFGH,1
ABCD9409EFGH,1
ABCD9662EFGH,1
ABCD2375EFGH,1
ABCD6335EFGH,1
ABCD3664EFGH,1
ABCD3100EFGH,1
ABCD1077EFGH,1
ABCD8698EFGH,1
ABCD4584EFGH,1
ABCD8590EFGH,1
ABCD3760EFGH,1
ABCD5717EFGH,1
ABCD5570EFGH,1
ABCD4328EFGH,1
ABCD7079EFGH,1
ABCD4514EFGH,1
ABCD5397EFGH,1
ABCD2933EFGH,1
ABCD5736EFGH,1
ABCD9868EFGH,1
ABCD2794EFGH,1
ABCD6497EFGH,1
ABCD8600EFGH,1
ABCD5240EFGH,1
ABCD5137EFGH,1
ABCD1495EFGH,1
ABCD5125EFGH,1
ABCD3422EFGH,1
ABCD9638EFGH,1
ABCD8098EFGH,1
ABCD1804EFGH,1
ABCD7625EFGH,1
ABCD2398EFGH,1
ABCD1643EFGH,1
ABCD4441EFGH,1
ABCD7917EFGH,1
ABCD8258EFGH,1
ABCD6234EFGH,1
ABCD3148EFGH,1
ABCD4465EFGH,1
ABCD8838EFGH,1
ABCD8453EFGH,1
ABCD1033EFGH,1
ABCD5042EFGH,1
ABCD7065EFGH,1
ABCD6512EFGH,1
ABCD7337EFGH,1
ABCD4810EFGH,1
ABCD2944EFGH,1
ABCD1037EFGH,1
ABCD6396EFGH,1
ABCD6171EFGH,1
ABCD6733EFGH,1
ABCD7765EFGH,1
ABCD7232EFGH,1
ABCD2838EFGH,1
ABCD3766EFGH,1
ABCD7204EFGH,1
ABCD6782EFGH,1
ABCD6351EFGH,1
ABCD4496EFGH,1
ABCD4620EFGH,1
ABCD5921EFGH,1
ABCD5534EFGH,1
ABCD3256EFGH,1
ABCD1570EFGH,1
ABCD9778EFGH,1
ABCD1833EFGH,1
ABCD6318EFGH,1
ABCD9021EFGH,1
ABCD2976EFGH,1
ABCD9569EFGH,1
ABCD2680EFGH,1
ABCD8720EFGH,1
ABCD1372EFGH,1
ABCD1144EFGH,1
ABCD4210EFGH,1
ABCD9865EFGH,1
ABCD3454EFGH,1
ABCD7603EFGH,1
ABCD8497EFGH,1
ABCD5616EFGH,1
ABCD4848EFGH,1
ABCD6155EFGH,1
ABCD2808EFGH,1
ABCD7742EFGH,1
ABCD4456EFGH,1
ABCD5641EFGH,1
ABCD4526EFGH,1
ABCD9933EFGH,1
ABCD7359EFGH,1
ABCD5739EFGH,1
ABCD2510EFGH,1
ABCD4133EFGH,1
ABCD8083EFGH,1
ABCD7320EFGH,1
ABCD3406EFGH,1
ABCD8331EFGH,1
ABCD5640EFGH,1
ABCD5024EFGH,1
ABCD3196EFGH,1
ABCD5300EFGH,1
ABCD5202EFGH,1
ABCD3968EFGH,1
ABCD3133EFGH,1
ABCD7918EFGH,1
ABCD1456EFGH,1
ABCD1863EFGH,1
ABCD3712EFGH,1
ABCD6372EFGH,1
ABCD8858EFGH,1
ABCD7964EFGH,1
ABCD8385EFGH,1
ABCD7759EFGH,1
ABCD6863EFGH,1
ABCD5696EFGH,1
ABCD3280EFGH,1
ABCD9968EFGH,1
ABCD7438EFGH,1
ABCD1579EFGH,1
ABCD2576EFGH,1
ABCD2065EFGH,1
ABCD6451EFGH,1
ABCD9493EFGH,1
ABCD5995EFGH,1
ABCD1020EFGH,1
ABCD1535EFGH,1
ABCD8523EFGH,1
ABCD7402EFGH,1
ABCD9496EFGH,1
ABCD3384EFGH,1
ABCD6413EFGH,1
ABCD3305EFGH,1
ABCD5533EFGH,1
ABCD2071EFGH,1
ABCD9335EFGH,1
ABCD3669EFGH,1
ABCD5787EFGH,1
ABCD3025EFGH,1
ABCD1249EFGH,1
ABCD1391EFGH,1
ABCD6531EFGH,1
ABCD9307EFGH,1
ABCD7360EFGH,1
ABCD8795EFGH,1
ABCD9392EFGH,1
ABCD6241EFGH,1
